title,authors,summaries,page
Báró Podmaniczky Pál és a norvég Biblia: Elbeszélés a 18 nyelvü nagyapáról 77 nyelven és rovásírással,"Kutas, Ilona","""Báró Podmaniczky Pál és a norvég Biblia"" by Ilona Kutas is a multilingual short story and personal narrative that was likely written in the late 20th century. The book reflects on the author's experiences with language, drawing parallels between their exploration of a bilingual Bible and their familial roots, specifically focusing on the legacy of her grandfather, a theological professor fluent in eighteen languages. The narrative weaves together themes of language, culture, and personal growth through its exploration of the significance of a Bible found during a trip to Norway.  In the story, Kutas recounts her emotional journey as she encounters a bilingual Bible in her hotel room in Oslo, which rekindles her childhood memories and connection to her grandfather. As she reads and engages with the text, she finds herself grappling with a moral dilemma when the desire to keep the Bible leads her to consider the act of theft. Through this internal conflict, she reflects on her faith, upbringing, and the importance of her grandfather's teachings. Ultimately, the book serves as a celebration of friendship and cultural exchange, culminating in Kutas’ desire to translate her short story into multiple languages to strengthen those connections. The narrative showcases not just a love for languages but also the bonds that tie people together across different cultures and backgrounds. (This is an automatically generated summary.)",1
"Emil, vagy a nevelésről","Rousseau, Jean-Jacques","""Emil, vagy a nevelésről"" by Jean-Jacques Rousseau is a treatise written in 1762. This groundbreaking work explores how individuals might preserve their natural goodness while living in corrupt society. Through the story of a boy named Emile and his tutor, Rousseau outlines an educational system from infancy through adolescence, addressing physical development, sensory learning, and moral sentiment. The book sparked controversy and was publicly burned for its religious content, yet it profoundly influenced educational reforms in France and America. (This is an automatically generated summary.)",1
"Magyar regék, mondák és népmesék","Mailáth, János Nepomuk Jozsef, gróf","""Magyar regék, mondák és népmesék"" by gróf János Nepomuk Jozsef Mailáth is a collection of Hungarian folk tales and legends written in the mid-19th century. The work seeks to explore Hungarian cultural narratives through a selection of poetry and storytelling that reflects the rich folklore tradition of the nation. The book is likely to appeal to readers interested in folklore, mythology, and the historical tales that shape cultural identity.  The opening of the text provides a personal context, wherein the author, speaking to his daughter Henriette, expresses a wish to share his heartfelt creations with her. He hopes that the stories he tells will convey the glorious memories and virtues of their homeland, intertwining personal sentiment with national pride. The sections that follow include reflections on historical figures, such as King Salamon, and the unfolding of dramatic events that mix legend with history, setting the stage for a deeply emotional journey through Hungary's past. The narrative seems structured to combine poetic storytelling with actual historical references, effectively merging the two realms from the very beginning. (This is an automatically generated summary.)",1
"Ázsiai titkok, ázsiai emberek = $b Man and mistery in Asia","Ossendowski, Ferdynand Antoni","""Ázsiai titkok, ázsiai emberek = Man and mistery in Asia"" by Ossendowski is a historical travel account written in the early 20th century. The book explores the remote and mysterious regions of Northern and Central Asia, delving into lesser-known landscapes, people, and customs. Its primary focus seems to be on the author's scientific and exploratory journeys before major global conflicts and revolutions altered the region. Through vivid descriptions and anecdotal stories, readers are introduced to the unique natural and human mysteries of Asia.  The opening of the book begins with an introduction that contextualizes Ossendowski's travels as preceding his more famous narrative about escaping the Bolsheviks, highlighting scientific expeditions across Siberia and Mongolia. The narrative launches with detailed impressions of the Yenisei River and the surrounding landscapes, touching on the lives and legends of local Tatars, experiences with scientific exploration (such as analyzing the mysterious and changing Bitter Lake), and encounters with both wildlife and the area's nomadic peoples. Early chapters introduce memorable episodes: the plight of a young Tatar woman escaping an abusive marriage, harrowing personal accounts of fugitive convicts, and observations of rare fauna and flora. The stories weave together natural history, local myths, and dramatic human experiences, immersing the reader in a world of danger, beauty, and cultural complexity unique to the Asian interior. (This is an automatically generated summary.)",1
Petőfi Sándor összes költeményei: Hazai művészek rajzaival díszített negyedik népies kiadás,"Petőfi, Sándor","""Petőfi Sándor összes költeményei"" by Sándor Petőfi is a collection of poems written in the mid-19th century. This work showcases the literary brilliance of Petőfi, a prominent Hungarian poet known for his passionate verses that often revolve around themes of love, freedom, and national identity. Through his evocative language and profound exploration of human emotions, Petőfi's poetry captures the spirit of Hungarian culture and the aspirations of his time.  The opening portion of the collection introduces a narrative poem titled ""János Vitéz,"" which follows the adventures of a shepherd boy named János and his beloved, Iluska. The verses describe their youthful love against a vibrant pastoral backdrop, filled with imagery of nature and rural life. However, their lives are disrupted by misfortune and separation, driving János to seek his fortune and face various challenges, including battles and adventures, all for the sake of reuniting with Iluska. This section establishes the emotional depth and storytelling quality that characterize Petőfi's poetry, inviting readers to delve further into the world of these vividly drawn characters. (This is an automatically generated summary.)",1
Elegyes gyüjtések Magyarország és Erdély különböző részeiből;: Magyar népköltési gyüjtemény 1. kötet,,"""Elegyes gyüjtések Magyarország és Erdély különböző részeiből"" by Arany and Gyulai is a collection of Hungarian folk poetry compiled in the late 19th century. The work serves as an anthology of folk traditions, drawing on various regional texts and contributions from collectors who aimed to preserve the rich cultural heritage of Hungary and Transylvania. The book likely includes a range of narratives, ballads, and songs that reflect the oral storytelling traditions of these regions.  The opening of this collection provides insight into its editorial process, as the authors recount the establishment of their project by the Kisfaludy Society and the collaborative efforts with various contributors. It highlights the challenges faced in gathering and publishing folk materials, alongside the commitment of the editors to maintain the authenticity of the original works while also providing some context and annotations. The inaugural volume appears to include a diverse array of genres, setting the stage for a rich exploration of Hungarian folklore and cultural identity as expressed through poetry and storytelling. (This is an automatically generated summary.)",1
Magyar népdalok (Magyar remekirók 54. kötet),"Endrődi, Sándor","""Magyar népdalok"" by Sándor Endrődi is a collection of Hungarian folk songs compiled and edited in the early 20th century. This work serves as a showcase of the rich tradition of Hungarian folk poetry, emphasizing the cultural significance and emotional depth of the songs drawn from the nation's heritage. The collection likely reflects a specific period of literary revival and appreciation for folk origins in Hungarian culture, particularly around the time it was published.  The opening of the collection introduces the significance of folk poetry in preserving the essence of the Hungarian spirit, presenting a passionate argument for the importance of this art form as a reflection of national identity. Endrődi shares insights about the folk songs, noting their authenticity, emotional resonance, and connection to the peasantry, which is often overlooked by contemporary writers. The introduction is followed by an array of folk songs, beginning with themes of love and longing, illustrating the depth of feeling embedded in these traditional pieces while also affirming the vital role they play in the fabric of Hungarian culture and literature. (This is an automatically generated summary.)",1
Modern költők: Külföldi antológia a költők arcképeivel,,"""Modern költők: Külföldi antológia a költők arcképeivel"" by Dezső Kosztolányi is a collection of poetry anthologies written in the early 20th century. This work features translations and interpretations of the works of various international poets, examining the essence of what Kosztolányi refers to as ""modern lyric."" The anthology presents both historical and contemporary figures in poetry, highlighting the common threads of human emotion that connect them across different cultures and languages.  The opening of the work introduces the concept of modern lyric poetry, suggesting that its essence is better felt than articulated. Kosztolányi reflects on the evolution of Hungarian literature and the struggles that have shaped the contemporary poetic landscape over the past decade. He expresses the belief that poetry transcends linguistic barriers, allowing individuals to connect with its themes on a universal level, likening it to music. The text sets the stage for a collection that aims to unite a diverse range of poetic voices, both through his translations and the unique qualities of each poet featured, weaving a rich tapestry of human experience and artistic expression. (This is an automatically generated summary.)",1
A magyar nép művészete (1. kötet): A kalotaszegi magyar nép művészete,"Malonyay, Dezső","""A magyar nép művészete (1. kötet)"" by Dezső Malonyay is a collection of scholarly works focused on Hungarian folk art, written in the early 20th century. This text serves as a comprehensive exploration of the artistic expressions found within various Hungarian communities, particularly examining the cultural and aesthetic significance of folk art and its roots in national identity.   The opening of the work introduces the reader to the author's objective of documenting and preserving the unique artistic expressions found within Hungarian folk culture. Malonyay emphasizes the importance of national identity and the inherent creativity of the Hungarian people, advocating for the need to explore the rich tapestry of folk art that resonates with the spirit of the nation. He reflects on how these artistic expressions have waned under modern influences and stresses the urgency of capturing and appreciating the artistic heritage before it fades away entirely. The text is positioned as a heartfelt invitation to acknowledge and celebrate the vibrant manifestations of Hungarian folk creativity, inviting readers to partake in the examination of folk art's significance as a vital aspect of national culture. (This is an automatically generated summary.)",1
Arany mesekönyv : $b A világ legszebb meséi,"Benedek, Elek",,1
Don Quijote de la Mancha,"Cervantes Saavedra, Miguel de","""Don Quijote de la Mancha"" by Miguel de Cervantes Saavedra is a Spanish novel published in two parts in 1605 and 1615. A minor nobleman reads so many chivalric romances that he loses his sanity and decides to become a wandering knight. Renaming himself Don Quixote, he recruits a simple farm laborer, Sancho Panza, as his squire. Together they embark on adventures where Don Quixote's delusions transform windmills into giants and inns into castles, blurring the line between fantasy and reality in this founding work of modern literature. (This is an automatically generated summary.)",1
Életemből (II. rész): Igaz történetek. Örök emlékek. Humor. Utleirás.,"Jókai, Mór","""Életemből (II. rész)"" by Mór Jókai is a historical account written in the late 19th century. This work serves as a collection of true stories, memories, humor, and travel writing, reflecting on the experiences and events from the author’s life, particularly within the context of Hungarian history and society. Jókai’s narrative aims to capture the essence of heroism, patriotism, and the struggles faced during tumultuous periods in Hungary.  At the start of the work, the reader is thrust into the chaos of war. The narrative opens with a vivid depiction of a lost battle at Tápióbicske, where Austrian forces are engaged in a fierce conflict against Hungarian troops. The story highlights a duel between two brave cavalry leaders, Sebő, the Hungarian commander, and Riedesel, his Austrian counterpart. Their fierce hand-to-hand battle symbolizes the broader struggle for national pride and survival amidst overwhelming odds. The portrayal of these characters sets the stage for a reflection on courage and the collective spirit of the defenders of Hungary as they face adversity in the name of their homeland. (This is an automatically generated summary.)",1
Michelangelo élete,"Rolland, Romain",,1
Csongrádmegyei gyüjtés; Magyar népköltési gyüjtemény 2. kötet,"Török, Károly","""Csongrádmegyei gyüjtés; Magyar népköltési gyüjtemény 2. kötet"" by Károly Török is a collection of Hungarian folk poetry and songs compiled in the late 19th century. This volume represents regional folk traditions, primarily focusing on the cultural heritage of Csongrád County. It encompasses an array of ballads, songs, and folk tales, aiming to preserve and share the rich oral traditions of Hungarian culture.  The opening of the collection introduces the context and purpose of the compilation, emphasizing the tireless efforts of the collector, Károly Török, who dedicated his work to the Kisfaludy Society. It outlines the variety of content within the anthology, such as ballads, love songs, and tales that reflect the regional flavors and shared heritage found throughout Csongrád County. The foreword expresses hope for similar collections from other regions, reinforcing the value of folk traditions in maintaining cultural identity and continuity. (This is an automatically generated summary.)",1
Jocus és Momus,"Jókai, Mór","""Jocus és Momus"" by Mór Jókai is a novel written in the late 19th century. The book appears to explore themes of social life and human quirks through a series of humorous anecdotes involving various characters. It reflects on societal issues, combining lighthearted storytelling with a critique of human behavior, centered around notable figures in Hungarian culture and politics.  The opening of the novel introduces several characters, beginning with Ferencz, an amiable emperor often seen walking the streets of Vienna where he is met with great respect from the public. The narrative then shifts to a clever exchange involving Ferencz and old Tolnay, showcasing their interactions with humor and social commentary. Following this, attention is drawn to the local tavern and its patrons, setting a vibrant scene filled with whimsy. Overall, the beginning effectively immerses the reader in a world of colorful characters and witty dialogues, hinting at the broader social dynamics that will unfold throughout the story. (This is an automatically generated summary.)",1
Kenyér és bor: új versek,"Kosztolányi, Dezső","""Kenyér és bor: új versek"" by Dezső Kosztolányi is a collection of poetry written in the early 20th century. The poems reflect on themes of life, love, loss, and the passage of time, intertwining personal experience with broader societal observations. Kosztolányi's work is marked by a deep sense of melancholy and introspection, delving into the human condition and the emotional landscape of existence.  The opening portion of the collection introduces readers to a range of poignant emotions and thoughts. It begins with a dedication to a friend and artist, establishing a personal connection. The first poem evokes feelings of contentment mixed with underlying sorrow, as the speaker reflects on material abundance yet struggles with existential questions. As the verses progress, Kosztolányi explores love, mortality, and memories of youth with vivid imagery and lyrical language. The themes of longing and nostalgia emerge strongly, setting the stage for deeper explorations in the rest of the collection. (This is an automatically generated summary.)",1
Székelyföldi gyüjtés; Magyar népköltési gyüjtemény 3. kötet,"Benedek, Elek, Kriza, János, Orbán, Balázs, Sebesi, Jób","""Székelyföldi gyüjtés; Magyar népköltési gyüjtemény 3. kötet"" by János Kriza et al. is a collection of traditional Hungarian folk poetry and tales written in the late 19th century. This volume is the third in a series published under the auspices of the Kisfaludy Society and consists mainly of folk ballads, songs, and stories gathered from various contributors, reflecting the cultural heritage of the Székely region. The book likely appeals to readers interested in Hungarian folklore, history, and cultural traditions.  The opening of the collection includes a foreword that introduces the compilation's purpose and the contributors involved in its creation. It explains that the material has been curated from the works of notable folk collectors like János Kriza, Balázs Orbán, and Elek Benedek, highlighting the importance of preserving and celebrating folk traditions. The foreword sets a tone of gratitude and enthusiasm for the contributions of both the collectors and the readers, inviting the appreciation of Hungarian folk literature. It also notes the inclusion of various thematic elements within the collection, such as ballads of love and heroism, setting the stage for the rich tapestry of stories and songs that follow. (This is an automatically generated summary.)",1
Szegény gazdagok: Regény,"Jókai, Mór","""Szegény gazdagok: Regény"" by Mór Jókai is a novel written in 1860. The story interweaves the tale of a masked bandit called Fatia Negra with that of a wealthy moneylending family. When young Henriette is forced into marriage with the mysterious Baron Hátszegi despite her love for another, dark secrets begin to surface. The baron's unexplained disappearances, a counterfeiting ring hidden in mountain caves, and dangerous jealousies converge in this tale of coercion, hidden identities, and forbidden romance. (This is an automatically generated summary.)",1
Degré Alajos novellái (2. kötet),"Degré, Alajos","""Degré Alajos novellái (2. kötet)"" by Alajos Degré is a collection of short stories written in the mid-19th century. The work presents various narratives exploring themes of love, ambition, and the complexities of personal relationships, often with a humorous touch. Readers are introduced to a range of characters grappling with social expectations and personal desires in their pursuit of happiness and recognition.  The opening portion of the collection introduces two main characters, Ledéry Otto and Verebesy Imre, who engage in a conversation about their regrets over missed opportunities, particularly relating to wealth and marriage. Otto laments his unmarried status at twenty-seven while pondering his past decisions, and this sparks a discussion on the prospects of love. As their friend prepares to propose to a wealthy woman, the dynamics of friendship, ambition, and social status play out, setting the stage for the humorous and poignant situations that characterize the stories to come. The narrative captures their personalities and societal pressures, creating a relatable foundation for the explorations that follow in the collection. (This is an automatically generated summary.)",1
Gaal György magyar népmese-gyűjteménye (3. kötet),"Gaal, György","""Gaal György magyar népmese-gyűjteménye (3. kötet)"" by György Gaal is a collection of Hungarian folktales published in the mid-19th century. This volume serves as the third part of a series that seeks to preserve and present traditional Hungarian stories, reflecting the culture and values of the time. The work is likely characterized by its rich narrative style and moral lessons, typical of folk literature.  The opening of this collection features a brief introduction by the publishers and outlines the various tales included in the volume. It highlights the importance of preserving national stories and introduces a few specific folktales, each beginning with colorful and imaginative premises, such as encounters with magical beings and princes embarking on adventurous quests. The stories promise to be filled with themes of courage, cleverness, and the struggles between good and evil, inviting readers into the enchanting world of Hungarian folklore. (This is an automatically generated summary.)",1
Zágoni Mikes Kelemen törökországi levelei (2. kötet),"Mikes, Kelemen","""Zágoni Mikes Kelemen törökországi levelei (2. kötet)"" by Kelemen Mikes is a collection of fictional letters written between 1717 and 1758. This second volume continues Mikes's correspondence to an invented countess, written during his exile in Ottoman Turkey following the failed Rákóczi uprising. The letters chronicle the daily struggles of Hungarian exiles in Rodosto, weaving together personal emotional reflections, historical accounts, anecdotes, and descriptions of Turkish customs. Through a conversational style marked by humor and melancholy, Mikes captures the fading hopes of return and eventual resignation to fate. (This is an automatically generated summary.)",1
Népmesék Heves- és Jász-Nagykun-Szolnok-megyéből; Magyar népköltési gyüjtemény 9. kötet,"Berze Nagy, János","""Népmesék Heves- és Jász-Nagykun-Szolnok-megyéből; Magyar népköltési gyüjtemény"" is a collection of Hungarian folk tales edited by Vargha Gyula, published in the early 20th century. This anthology contains traditional stories primarily gathered from the region of Heves County, focusing on a village called Besenyőtelek, and highlights the narrative techniques and cultural significance of these folk tales. The book aims to preserve and celebrate the rich oral storytelling tradition of the Hungarian people, providing both entertainment and insight into their cultural heritage.  At the start of the collection, the preface details the unique qualities of the stories, focusing on the abundance of folk tales collected from a single village, which was uncommon in previous collections. The opening portion introduces several tales featuring common folklore motifs, such as heroes facing mythical creatures, often involving three brothers and various magical challenges. In particular, the first story outlines the journey of three brothers as they embark on a quest, encountering magical beings and overcoming obstacles in their pursuit of love and heroism, embodying the classic structure of Hungarian folk narratives where cunning and bravery prevail. (This is an automatically generated summary.)",1
Egy naplopó tünődései,"Jerome, Jerome K. (Jerome Klapka)","""Egy naplopó tünődései"" by Jerome K. Jerome is a collection of humorous essays published in 1886. This work features fourteen independent articles exploring everyday topics from idleness and love to cats, babies, and memory. Written in Jerome's characteristic witty style, these reflections on ordinary life helped establish him as a leading English humorist. The essays offer playful observations on human nature and daily experiences, presenting the author's lighthearted philosophy on everything from being hard up to the peculiarities of furnished apartments. (This is an automatically generated summary.)",1
Édes anyaföldem! : Egy nép s egy ember története (2. kötet),"Benedek, Elek","""Édes anyaföldem! : Egy nép s egy ember története (2. kötet)"" by Elek Benedek is a literary work focusing on Hungarian history and culture, likely written in the early 20th century. The narrative explores themes of identity, belonging, and the deep connection one has with their homeland, particularly through the eyes of the protagonist, who seems to undergo a journey both physically and emotionally.   At the start of the narrative, the protagonist, referred to as the ""prodigal son,"" reflects on his past struggles and a newfound appreciation for life as he travels towards Pest, filled with hope and dreams. This journey coincides with the joyful celebration of Easter, symbolizing a personal resurrection and renewed purpose. He encounters old friends and contemplates his relationship with writing and literature, expressing a desire to honor his father's legacy through his work. The opening portrays a vivid tapestry of his memories and aspirations, alongside his observations of the Hungarian landscape, setting the tone for themes of heritage and the importance of roots in subsequent chapters. (This is an automatically generated summary.)",1
Ipolyi Arnold népmesegyüjteménye; Magyar népköltési gyüjtemény 13. kötet,"Ipolyi, Arnold","""Ipolyi Arnold népmesegyüjteménye; Magyar népköltési gyüjtemény 13. kötet"" by Ipolyi is a collection of Hungarian folk tales compiled in the early 20th century. The work serves as an anthology of traditional narratives, drawing upon the rich reservoir of Hungarian folklore, including myths and fables that reflect the cultural values and beliefs of the time. This compilation is part of a broader movement to preserve national literature and heritage during a period of growing interest in folklore studies.  At the start of the collection, the reader is introduced to a variety of folk stories, beginning with the tale of ""Csonkatehén fija,"" which follows the journey of a character born of a unique mother. This narrative illustrates themes of strength, friendship, and adventure as the protagonist encounters various figures like the Fagörbítő (Wood Bender) and engages in contests of strength. The opening reveals a focus on collective narratives where characters unite to confront challenges, showcasing the values of camaraderie and collective effort within Hungarian folklore. Through these stories, the rich tapestry of mythical beings, trials, and moral lessons emerge, setting the stage for a deeper exploration of the tales that follow. (This is an automatically generated summary.)",1
A Pál-utcai fiúk: Regény kis diákok számára,"Molnár, Ferenc","""A Pál-utcai fiúk: Regény kis diákok számára"" by Ferenc Molnár is a novel first published in 1906. Set in Budapest in March 1889, it follows two rival gangs of schoolboys—the Pál Street Boys and the Red-Shirts—battling for control of their beloved playground, the ""grund."" At the center stands Nemecsek Ernő, a small, blond boy often underestimated by his peers, whose courage and loyalty will determine the outcome. This tale of childhood honor, betrayal, and sacrifice has become Hungary's most internationally celebrated novel. (This is an automatically generated summary.)",1
Székelyföldi gyüjtés; Magyar népköltési gyüjtemény 7. kötet,"Mailand, Oszkár","""Székelyföldi gyűjtés; Magyar népköltési gyűjtemény 7. kötet"" by Oszkár Mailand is a collection of folk songs and traditional tales written in the early 20th century. The work aims to preserve the nearly extinct native expressions of the Székely people, highlighting the richness of their cultural heritage amidst the influences of modernization and other ethnicities. Mailand's collection serves as a critical artifact reflecting the folk spirit and poetic expression of the Székely community.  The opening of this volume provides an introduction to the motivations behind the collection, detailing how the Kisfaludy Society commissioned Mailand to gather folk songs and traditions from the Székely population to prevent their disappearance. It reveals Mailand’s concerns about outside influences, particularly from the Romanian culture, which has gradually seeped into Székely traditions. He begins his fieldwork passionately, emphasizing the importance of capturing the pure essence of Székely folklore before it fades due to external pressures. Amidst his findings, he documents real-life accounts, expressions, and details of the people he encounters during his collection efforts. (This is an automatically generated summary.)",1
Nincsen ördög; A Magláy család; A ki holta után áll boszut,"Jókai, Mór","""Nincsen ördög; A Magláy család; A ki holta után áll boszut"" by Mór Jókai is a novel written in the late 19th century. The book explores the lives and experiences of its characters as they navigate various societal and personal challenges, intertwining themes of family and fate. The narrative begins with a journey on a train, gradually introducing key figures, including a wealthy family and a mysterious child.  The opening of the novel sets a vivid scene aboard a train traveling through picturesque landscapes, where a narrator encounters various characters, including a rich nobleman's entourage and a quiet, mute child named Jemmy. As the journey progresses, a conversation unfolds between the narrator and a doctor regarding the boy's past and his speech difficulties. This portion lays the groundwork for themes of connection, misunderstanding, and the complexities of human relationships, hinting at how these elements could intertwine in the greater narrative of the novel. (This is an automatically generated summary.)",1
"Állatok, emberek és istenek = $b Beasts, men and gods","Ossendowski, Ferdynand Antoni","""Állatok, emberek és istenek"" (Beasts, Men and Gods) by Ferdynand Antoni Ossendowski is a historical account written in the early 20th century. The book chronicles the author's extraordinary escape from revolutionary Russia through Siberia, Mongolia, and Tibet, offering a unique perspective on political upheaval, cultural encounters, and personal survival in times of chaos. It centers on Ossendowski’s perilous journey as he flees the Bolsheviks, highlighting both the harsh realities of the landscape and the people—friends, enemies, and mysterious strangers—he encounters along the way.  The opening of the book introduces us to Ossendowski’s life in Krasnoyarsk, Siberia during the Russian Revolution, where immediate danger forces him to flee into the Siberian wilderness. He describes his desperate escape from Bolshevik soldiers, surviving in the taiga with the help of an enigmatic companion named Ivan. Through encounters with danger, harsh weather, wild animals, and strangers whose motivations are unclear, Ossendowski adapts to a solitary life in nature, punctuated by reflections on both human brutality and resilience. His journey shifts from basic survival—hunting, fishing, building shelter—to navigating war-torn lands, passing through hostile villages and negotiating with suspicious officials. The narrative paints a vivid picture of both the daunting landscapes and the constant threat of violence, setting the stage for a larger exploration of the intersection between civilization, wilderness, and the human spirit. (This is an automatically generated summary.)",1
Egy haditudósító emlékei : $b 1914 november - 1915 november,"Molnár, Ferenc","""Egy haditudósító emlékei: 1914 november - 1915 november"" by Ferenc Molnár is a historical account written in the early 20th century. The narrative chronicles the experiences of a war correspondent during World War I, capturing the tumultuous atmosphere of the time along with personal observations from the front lines. The book not only documents the events of the war but also delves into the emotions and struggles faced by those involved.  The opening of this work sets the scene in Budapest during a hot summer's day, leading into an unexpected tension as rumors of impending war swirl around the characters. The narrator provides vivid descriptions of the oppressive heat, the mundane chatter of café patrons, and the palpable sense of anticipation in the air. As news of the crisis unfolds, the protagonist reflects on the dramatic shift from a peaceful life to the reality of conflict, painting a picture of the chaotic yet deeply human experiences during this troubling time. The narrative style blends sensory details with a philosophical awareness, hinting at the transformation the war will bring to society and personal lives alike. (This is an automatically generated summary.)",1
A vörös regina: regény,"Abonyi, Árpád","""A vörös regina: regény"" by Árpád Abonyi is a novel written in the early 20th century. The story begins in 1914 and follows the life of a reluctant soldier, who, after being called up to service, leaves behind his isolated life in the forests to face the realities and chaos of war. The narrative focuses on his experiences as he grapples with the loss of solitude and the complexities of camaraderie in the military.  The opening of the book presents the protagonist bidding farewell to his quiet life in a remote forest lodge as he prepares to join his regiment at the outbreak of World War I. He reflects on his solitary existence and the simplicity of life in the woods, contrasting it with the bustling and vibrant scene in the city as he arrives for enlistment. The narrative captures his mixed feelings of resignation and curiosity about the impending journey, along with a sense of duty that drives him forward despite the challenges ahead. As he transitions from his familiar surroundings into the unknowns of military life, the tone hints at deeper themes of camaraderie and the stark realities of war that will unfold as the story progresses. (This is an automatically generated summary.)",1
Nippon-ország naposkertje : $b Japán népmesék,"Kúnos, Ignácz","""Nippon-ország naposkertje: Japán népmesék"" by Kúnos Ignác is a collection of Japanese folk tales written in the early 20th century. This volume features a rich tapestry of narratives that showcase unique characters and moral lessons, often touched with elements of magic and adventure. The stories take readers deep into the essence of Japanese folklore, presenting various themes including bravery, friendship, and the consequences of greed.  The opening of this collection introduces readers to the enchanting world of Japan through vivid and lyrical illustrations of nature, establishing a magical ambiance. The initial tales focus on whimsical characters such as frogs and mystical creatures, highlighting their adventures and interactions that reveal deeper life truths. For instance, two frogs from Tokyo and Kyoto set off on a journey to meet each other, only to comically discover they had both dreamed of the same adventure. Other stories, such as that of Momotaro, explore themes of bravery, strength, and the importance of companionship in the face of challenges, setting the stage for a delightful exploration of Japan's rich narrative tradition. (This is an automatically generated summary.)",1
"A jövő század regénye, 1. rész","Jókai, Mór","""A jövő század regénye, 1. rész"" by Mór Jókai is a novel first published in 1872.

Set between 1952 and 2000, this visionary work imagines a future where Hungary faces invasion from an expansionist Russian state called Nihil. A brilliant inventor named Tatrangi Dávid creates revolutionary technologies—flying machines and a miraculous material called ichor—to defend his homeland. When forced into exile at the Danube Delta, he establishes a utopian society that transforms global politics through technological advancement. The narrative blends military conflict with bold predictions about aviation, diplomacy, and international power struggles. (This is an automatically generated summary.)",2
Légy jó mindhalálig,"Móricz, Zsigmond","""Légy jó mindhalálig"" by Zsigmond Móricz is a novel set in 1892. Eleven-year-old Misi Nyilas, a top student at a Reformed college in Debrecen, comes from an impoverished family but earns respect through his intelligence and integrity. When he loses a lottery receipt entrusted to him, the honest boy becomes trapped in a web of lies and adult intrigues. Facing a tribunal that threatens to destroy him, Misi confronts human cruelty and injustice while clinging to his belief in goodness. (This is an automatically generated summary.)",2
Az angol irodalom története,"Voinovich, Géza","""Az angol irodalom története"" by Géza Voinovich is a historical account written in the early 20th century. The book provides a comprehensive overview of the development of English literature from its earliest beginnings through significant literary periods, highlighting notable authors and their contributions. It serves as an exploration of the evolution of English literary forms and themes, including poetry, prose, and drama.  The opening of the work introduces the subject matter, focusing initially on the ancient and early medieval phases of English literature. Voinovich discusses the cultural context post-Roman occupation, referencing the influence of Celtic tribes and the introduction of Christianity. He emphasizes the significance of seminal works such as ""Beowulf"" and the transitions from pagan to Christian literature, setting the stage for a broader examination of literary movements, key figures, and the societal changes that shaped English literary traditions. The foundation laid in this opening signals the depth of analysis the book promises in exploring the dynamic history of English literature. (This is an automatically generated summary.)",2
Mire megvénülünk (1. kötet),"Jókai, Mór","""Mire megvénülünk"" by Mór Jókai is a novel written in the late 19th century. The story revolves around the intertwined lives of a family struggling with joy and tragic loss, particularly focusing on a young boy named Dezső and his deep bond with his older brother, Loránd. As the narrative unfolds, the family faces a harrowing tragedy that threatens to pull them apart, highlighting themes of love, grief, and the complexities of familial relationships.   At the start of the novel, we are introduced to Dezső's idyllic childhood, filled with love and happiness within a close-knit family that includes his parents, grandmother, and brother. This blissful existence is shattered when their father suddenly dies, leading to a profound sense of confusion and despair, particularly for the young Dezső. He grapples with the concept of death, unable to fully comprehend the permanence of loss while sharing poignant moments with Loránd, who has taken on the role of protector and comforter amid the tragedy. The opening sets a poignant tone, establishing deep emotional stakes as it slowly transitions from innocence to the harsh realities of life and death. (This is an automatically generated summary.)",2
Különféle magyarok meg egyéb népek,"Tömörkény, István","""Különféle magyarok meg egyéb népek"" by István Tömörkény is a collection of short stories written in the early 20th century. The work paints a vivid picture of various aspects of Hungarian life and culture through engaging narratives and relatable characters. The stories reflect the challenges, humor, and traditions of rural communities in Hungary.  The opening of the collection introduces readers to a particular tale involving a milkman and his horse named Bársony, which has served him faithfully for six years. As the horse falls ill, both the milkman and his wife grapple with the potential loss and financial implications of its demise. The narrative takes a humorous turn as it explores the quirky dynamics between the couple, their financial struggles, and the townspeople's reactions. The scenes set a tone of both lightheartedness and poignancy, establishing Tömörkény's ability to weave social commentary into his storytelling from the very start. (This is an automatically generated summary.)",2
Népdalok és mondák (1. kötet); Magyar népköltési gyüjtemény,"Erdélyi, János","""Népdalok és mondák (1. kötet); Magyar népköltési gyüjtemény"" by János Erdélyi is a collection of folk songs and tales compiled in the mid-19th century. This work brings together various pieces of Hungarian oral tradition, emphasizing the cultural and historical significance of the country's folk poetry. The collection is likely aimed at preserving the richness of Hungarian folklore by documenting songs that span themes of love, nature, and social life.  The opening of the volume presents a comprehensive preface that outlines the motivations behind the collection of Hungarian folk poetry. Erdélyi reflects on prior efforts to gather folk songs, noting the necessity to maintain their authenticity and cultural value in the face of fading traditions. The text suggests a collaborative effort with contributions from local scholars and enthusiasts, revealing the collective endeavor to safeguard these folk expressions. Additionally, the first section introduces a series of love songs that poignantly convey the emotional landscape of Hungarian romantic relationships, setting the stage for the lyrical exploration of the genre throughout the volume. (This is an automatically generated summary.)",2
Antigone,Sophocles,"""Antigone"" by Sophocles is an Athenian tragedy written in either 442 or 440 BC. When Creon, the new ruler of Thebes, forbids the burial of Polynices—a brother who died fighting for the opposing side in a civil war—his niece Antigone faces an impossible choice. She must decide between obeying her uncle's decree or honoring divine law and family duty by burying her brother. Her defiance sets off a clash between human authority and sacred obligation that threatens to destroy them all. (This is an automatically generated summary.)",2
Grimm testvérek összegyüjtött meséi,"Grimm, Jacob, Grimm, Wilhelm","""Grimm testvérek összegyüjtött meséi"" by Jacob Grimm and Wilhelm Grimm is a collection of fairy tales first published in 1812. Two brothers transform oral traditions into written history, gathering folk stories from friends and old books across Germany. What begins as 86 tales grows through seven editions into 200 stories that will define Western children's literature. Born from financial hardship and scholarly passion, these collected tales undergo constant revision—wicked mothers become stepmothers, unsuitable content shifts and changes. The brothers preserve a disappearing world of German folklore, creating a work UNESCO now honors in its Memory of the World Register. (This is an automatically generated summary.)",2
Álomvilág: Elbeszélések,"Ambrus, Zoltán","""Álomvilág: Elbeszélések"" by Zoltán Ambrus is a collection of short stories written in the early 20th century. The book explores themes of dreams, adventure, and mystical encounters through the experiences of its young protagonist. The narrative blends elements of fantasy and reality, rich in imagery and emotional depth.  The opening of ""Álomvilág"" introduces the reader to a young boy who escapes from the confines of a large blue room, symbolizing the limitations of his everyday life. As he ventures into a dreamlike landscape, he encounters enchanting elements such as a shimmering river and a mysterious girl named Pókháló, who embodies a fairy-like persona. She offers him a life of happiness away from home but warns that he can never return. The story sets the tone for the rest of the collection, hinting at the interplay between desire and consequence in the realm of dreams and imagination. (This is an automatically generated summary.)",2
Thury Zoltán összes művei (1. kötet): Ketty és egyéb elbeszélések,"Thury, Zoltán","""Thury Zoltán összes művei (1. kötet)"" by Zoltán Thury is a collection of stories likely written in the early 20th century. The compilation includes various narratives that explore different aspects of life, highlighting themes such as social issues, personal struggles, and interpersonal relationships. The stories likely reflect the societal dynamics and challenges of the time, as seen through the eyes of everyday characters.  At the start of the collection, the opening story introduces us to Huber, a new landlord of a rundown apartment building who is focused on collecting rent from his tenants. As he interacts with the landlady, we learn about the struggles of the building’s residents, particularly a poor painter who faces eviction due to unpaid rent. The painter is depicted as a sensitive individual caught in a cycle of financial distress and desperation, expressing thoughts of self-harm. In parallel, a young girl named Ketty, the landlord's daughter, expresses a desire to have her portrait painted, providing a glimpse of hope amid the melancholy. The beginning effectively sets the stage for a deeper exploration of the characters' lives and the societal circumstances surrounding them in the following stories. (This is an automatically generated summary.)",2
Édes anyaföldem! : Egy nép s egy ember története (1. kötet),"Benedek, Elek","""Édes anyaföldem! : Egy nép s egy ember története (1. kötet)"" by Elek Benedek is a historical narrative written in the early 20th century. The work appears to chronicle personal memories intertwined with the history of the Hungarian people, focusing on the author's homeland and his familial heritage. Through intimate storytelling, the author intends to illustrate the struggles and resilience of the Székely people, drawing upon both idyllic and dramatic elements from his life.  The opening of the narrative introduces the author’s reflective journey as he recalls his small village, Kisbaczon, its unique charm, and the lives of its inhabitants, especially his family. He begins with a poignant admission of having started the book amidst personal and national turmoil, suggesting a desire to document the history of a people who have faced numerous adversities. The text vividly describes the village's character—the lush landscapes, the close-knit community, and the lineage of its families—underscoring the author's nostalgia and emotional connection to his roots. As he recounts his ancestry, he highlights notable figures in his family, particularly his grandfathers, whose legacies deeply impacted his personal development and understanding of identity. (This is an automatically generated summary.)",2
Régi magyar vitézi énekek és elegyes dalok (1. kötet),"Thaly, Kálmán","""Régi magyar vitézi énekek és elegyes dalok (1. kötet)"" by Kálmán Thaly is a collection of historical poems and songs compiled during the mid-19th century. This volume focuses on gathering original manuscripts and previously dispersed printed works from the 16th, 17th, and 18th centuries, showcasing Hungary's rich poetic heritage. The collection emphasizes themes of heroism, national identity, and cultural expression through traditional Hungarian verses, which celebrate the valiant past of the nation and its integral history.  The opening of this compilation reveals Thaly's deep commitment to preserving the Hungarian poetic tradition, which he believes has been diminished over time. He expresses his admiration for the lyrical nature of the Hungarian people, illustrating how songs have documented their experiences of longing, loss, and valor throughout history. Thaly explains the challenges of gathering these songs, reminiscing about the wealth of lost works that reflect Hungary's distinct culture. Through this meticulous archival effort, Thaly aims to enrich the current landscape of Hungarian literature with these expressive, historical pieces. (This is an automatically generated summary.)",2
Tündérkert: Szépasszonyok hosszú farsangja,"Móricz, Zsigmond","""Tündérkert: Szépasszonyok hosszú farsangja"" by Zsigmond Móricz is a historical novel written in the early 20th century. The book is set in the 17th century, focusing on the era of Gábor Báthory, a prince of Transylvania, and his interactions with significant characters, including his wife and various noble figures. The narrative likely explores themes of power, politics, and romance amidst historical turmoil, reflecting on the complexities of personal relationships against a backdrop of shifting loyalties.  The opening of the novel presents a vibrant scene filled with anticipation as townspeople gather outside a grand residence, eagerly awaiting the arrival of the young fejedelemasszony (princess). Through the eyes of a curious doorkeeper, readers are introduced to the characters, including the fejedelem, who displays a youthful charm, and his wife, who enters in a stunning golden gown. The atmosphere is charged with the juxtaposition of courtly elegance and underlying tensions, setting the stage for conflicts that emerge from personal desires and political ambitions. As the chapter unfolds, it becomes clear that the fejedelem's relationships with influential women and the expectations of his role are central to the narrative's development. (This is an automatically generated summary.)",2
A Bakony (2. kötet),"Eötvös, Károly","""A Bakony (2. kötet)"" by Károly Eötvös is a historical account written in the late 19th century. The work delves into the life and legacy of Sobri Joska, a notorious bandit from the Bakony region of Hungary, exploring the various legends surrounding him and his companions. It seems to engage with both factual recounting and folklore, illustrating Sobri’s impact on local culture and memory.  The opening of the work introduces the character of Sobri and sets the stage for an exploration of his life, delving into public curiosity about his identity after he vanished nearly sixty-nine years prior. It highlights questions surrounding his past, such as whether he was truly a nobleman or simply an enigmatic outlaw. This section suggests that Eötvös intends to unravel myths and mende-mondák (folk tales) related to Sobri Jóska, including accounts of his notable companions, deeds, and the folklore that has grown around his name. It reflects on the intersection of history and storytelling, hinting at a rich narrative that captures the essence of Hungarian culture and memory. (This is an automatically generated summary.)",2
Andor: Regény,"Molnár, Ferenc","""Andor: Regény"" by Ferenc Molnár is a novel written in the early 20th century. The story seems to follow the character Andor, a young man navigating his responsibilities and relationships in Budapest, particularly in the context of significant changes in his life, the loss of his parents, and the complexities of young love.   The opening of the novel sets a somber and reflective tone as it introduces Andor during the early hours of dawn, crossing the Margit Bridge from Pest to Buda. Alone and tired, he contemplates the tranquility around him while grappling with his loneliness in the wake of his mother's death and his father's declining health. The narrative then shifts to Andor's home, where he reflects on his past, his relationships, particularly with Turnovszky Ella, and his impending move to a new apartment. As he prepares to leave his childhood home, the emotional weight of farewell looms large, underscored by memories of love, family tension, and the anxiety of stepping into adulthood. With layers of introspection and developing character dynamics, the beginning lays a strong foundation for the narrative's exploration of personal growth and the inevitabilities of life. (This is an automatically generated summary.)",2
Századunk magyar irodalma képekben: Széchenyi föllépésétől a kiegyezésig,"Endrődi, Sándor","""Századunk magyar irodalma képekben: Széchenyi föllépésétől a kiegyezésig"" by Endrődi Sándor is a historical account written in the late 19th century. The book provides an overview of Hungarian literature from the period of Széchenyi's emergence as a national figure to the Compromise that defined Hungary's status in the Austro-Hungarian Empire. The work aims to enliven the somewhat dry material of literary history, making it accessible to the general public, particularly targeting the youth and women.  The opening of the book presents an introduction where the author reflects on the significance of the time period covered and the challenges of addressing such a vast subject within the constraints of a single volume. Endrődi expresses his concerns about adequately capturing the literary movements and influential figures that emerged during a dynamic and transformative era in Hungary, characterized by political struggles and the fight for national identity. He emphasizes the importance of literature as a refuge and a means of expression for the Hungarian people, who faced multiple societal and political adversities, highlighting Széchenyi's pivotal role in shaping national consciousness through literature and reform initiatives. (This is an automatically generated summary.)",2
"A jövő század regénye, 2. rész","Jókai, Mór","""A jövő század regénye, 2. rész"" by Mór Jókai is a novel serialized beginning in 1872. Set between 1952 and 2000, this unconventional work imagines a future where the Hungarian-centered Monarchy faces invasion from an expansionist anarchist state called Nihil. Inventor Tatrangi Dávid's revolutionary technologies—including flying machines and a volcanic material called ichor—become crucial in defending against aggression. The narrative shifts from dystopian warfare to utopian peace as diplomatic and military victories reshape global politics, though the novel's ambitious scope remains debated by literary scholars. (This is an automatically generated summary.)",2
A könyv története (1. rész): A magyar könyvnyomtatás és könyvkereskedelem rövid története a legrégibb időktől napjainkig,"Steinhofer, Károly","""A könyv története (1. rész)"" by Károly Steinhofer is a historical account written in the early 20th century. This work provides a concise exploration of the history of book printing and book trading in Hungary, from ancient times up to the present conditions of its authorship and publishing, emphasizing its significance in the development of culture and knowledge.   The opening of the book outlines the author's intention to summarize the historical progress of book printing, beginning with the early techniques before Gutenberg, and extending to the introduction of movable type in Hungary. Steinhofer sets the stage by recounting the various methods of book reproduction used in ancient times, leading to a discussion on the revolutionary impact of Gutenberg's invention in the 15th century. The narrative touches on the cultural transformation brought about by the spread of printed materials, thus heralding the profound effects of printing on society and education. (This is an automatically generated summary.)",2
Mikor a mécses már csak pislog: Elbeszélések,"Mikszáth, Kálmán","""Mikor a mécses már csak pislog: Elbeszélések"" by Kálmán Mikszáth is a collection of short stories written in the early 20th century. This work explores social themes and anecdotes centered around the lives of the Budai citizens, particularly focusing on the intimate space of local taverns, their patrons, and day-to-day experiences. The characters come to life through witty observations and a clear depiction of societal norms of the time.  The opening of the collection introduces the reader to the tavern called ""Fehér Páva,"" where the colorful interplay between regular patrons and newcomers unfolds. One of the central figures is an endearing young girl referred to as ""sipsirica,"" who is both charming and innocent. As the narrative reveals her interactions with the eccentric characters that frequent the ""Páva,"" it hints at underlying themes of family, social class, and the simple joys and conflicts of life in Budapest. The emerging dynamics include humorous exchanges and hints of romance, establishing a strong sense of community and vivid characterization right from the start. (This is an automatically generated summary.)",2
Zágoni Mikes Kelemen törökországi levelei (1. kötet),"Mikes, Kelemen","""Zágoni Mikes Kelemen törökországi levelei (1. kötet)"" by Kelemen Mikes is a collection of 207 fictional letters written between 1717 and 1758. Composed during his Turkish exile following the Rákóczi independence war's failure, Mikes addressed these letters to an invented countess living near Constantinople. The letters chronicle the daily lives of exiles, reflect the author's emotional fluctuations, and include historical anecdotes. They blend descriptions of Ottoman customs with personal reflections, evolving from hopeful expectations of return to resigned acceptance of fate, all expressed through conversational elegance and gentle humor. (This is an automatically generated summary.)",2
Apró bűnök : $b Elbeszélések,"Tormay, Cécile",,2
Eredeti népmesék,"Arany, László","""Eredeti népmesék"" by László Arany is a collection of traditional Hungarian folk tales, likely written in the mid-19th century. The book features a variety of stories that capture the rich heritage of Hungarian folklore, presenting tales of kings, magical creatures, and moral lessons.   The opening of the collection introduces a story about a blind king who possesses a remedy for his blindness but refuses to reveal it. His three sons, determined to help him, conspire to discover the cure. The youngest son bravely confronts his father and learns that the king can only regain his sight by hearing the song of a magical bird. The story unfolds with the brothers journeying to find this bird, setting the stage for their adventures and the tests of character that follow. Each tale within the collection promises to explore themes of bravery, love, and the consequences of one's actions, highlighting the cultural and moral fabric of Hungarian tradition. (This is an automatically generated summary.)",2
Esztike kisasszony professzora: Regény,"Pálffy, Albert","""Esztike kisasszony professzora: Regény"" by Albert Pálffy is a novel written in the early 20th century. The story revolves around the Dorozsmay family, particularly their daughter Esztike, as well as other various characters navigating love, wealth, and social status in Hungarian society following the tumultuous history of the late 19th century. The narrative likely explores themes of familial duty, romantic aspirations, and the intricacies of social relationships amid changing fortunes.  The opening of the novel introduces readers to the origins and fortunes of the Dorozsmay family, recounting their historical struggles and eventual rise to wealth. It begins with a reflection on the family's past, highlighting significant ancestors and their fates, along with the current circumstances of Kálmán, a member of the family who inherits a modest estate after a series of misfortunes. As the plot unfolds, the focus shifts to the contemporary life of Kálmán’s daughter, Esztike, and examines her upbringing, prospects, and interactions with prospective suitors, mingling elements of romance and societal expectations as the characters seek their aspirations. (This is an automatically generated summary.)",2
Az egri csillagok (I. kötet) : $b Bornemissza Gergely élete,"Gárdonyi, Géza","""Az egri csillagok (I. kötet): Bornemissza Gergely élete"" by Géza Gárdonyi is a historical novel published in 1901. Set during the Ottoman occupation of 16th-century Hungary, it follows young Bornemissza Gergely and Cecey Éva from childhood through the legendary siege of Eger in 1552. After being kidnapped by Turkish raiders as children, their lives intertwine through adventure, captivity, and romance, culminating in the heroic defense of Eger fortress where a small Hungarian garrison faces an overwhelming Ottoman army in a battle that would help define Europe's borders for generations. (This is an automatically generated summary.)",2
"Élet, halál","Szép, Ernő","""Élet, halál"" by Ernő Szép is a literary collection written in the early 20th century. This work, blending prose and poetry, immerses the reader in the experiences and emotions surrounding life during wartime, particularly focusing on the perspective of Hungarians. The book explores themes of national identity, suffering, hope, love, and the tension between life and death, all set against the somber backdrop of war. Rather than following a single protagonist, it presents a mosaic of voices, reflections, and brief stories, painting a collective portrait of a nation under the strain of conflict.  The opening of ""Élet, halál"" moves through a series of lyrical prayers, vivid wartime observations, and poignant personal stories and sketches. It begins with a heartfelt prayer asking for divine protection for the Hungarian people, followed by expressive meditations on the war, the pain and camaraderie of soldiers, and the longing for peace. Szép alternates between prose and poetry, weaving together fragments of battlefield memories, the everyday heroism and suffering of civilians and soldiers, and the subtle beauty of ordinary moments—such as the story of an old woman donating handmade pillows or delicate ruminations on a sigh or a smile. The tone is alternatingly elegiac, observant, tender, and quietly ironic, giving readers immediate access to the emotional core of a society shaped by war. (This is an automatically generated summary.)",2
"Szabadság a hó alatt, vagy: A zöld könyv: Történelmi regény","Jókai, Mór","""Szabadság a hó alatt, vagy: A zöld könyv"" by Mór Jókai is a historical novel written in the late 19th century. The narrative immerses readers in a tense atmosphere filled with intriguing characters, highlighting themes of freedom and conflict against a backdrop of snow-covered landscapes and military movements. The story seems to revolve around two main characters—one a noble warrior following a trail of blood and roses, and the other a man embarking on a journey for an undisclosed purpose, hinting at the intertwining paths their destinies may take.  The opening of the novel sets a stark scene in a snowy forest, where a group of Cossack cavalry is seen transporting a bound figure along the trail. This haunting image leads to a character who forages for blood drops that transform into roses against the white snow, suggesting underlying themes of sacrifice and beauty amid brutality. As the narration unfolds, it juxtaposes the solitary quest of another man seemingly searching for something deeper, creating an air of mystery concerning their upcoming encounter. The passage hints at a significant event or revelation waiting to occur as the paths of these characters converge, hinting at the exploration of freedom amidst oppression and the complex nature of their journeys. (This is an automatically generated summary.)",2
Nagy magyarok élete (2. kötet),"Benedek, Elek","""Nagy magyarok élete (2. kötet)"" by Elek Benedek is a biographical work published in the early 1900s. This volume presents the lives of three pivotal Hungarian figures: King Louis the Great, János Hunyadi, and King Matthias. Part of a multi-volume series dedicated to great Hungarians, it offers popular biographical accounts that bring these historical leaders to life. The book chronicles their achievements and contributions to Hungarian history through accessible storytelling. (This is an automatically generated summary.)",2
Ne bántsuk egymást: Ujabb tréfák,"Karinthy, Frigyes","""Ne bántsuk egymást: Ujabb tréfák"" by Frigyes Karinthy is a collection of humorous stories written in the early 20th century. The work presents a satirical and playful examination of societal norms, individual behaviors, and the complexities of human relationships, often featuring caricatures of various characters and their absurd situations. The characters navigate encounters that highlight the quirks of human nature, primarily focusing on personalities caught in comedic misunderstandings.  At the start of this collection, we meet a melancholic poet who becomes entangled in an unexpected proposition from a mysterious character named John Devil. As the poet grapples with his creative block while attempting to conjure tears for his poetry, he receives an unusual offer to provide a mysterious substance for a considerable payment. The opening sets the stage for a series of humorous and philosophical explorations about the nature of art, success, and the human condition, with the poet's struggle serving as a comedic lens through which the author critiques societal expectations and personal aspirations. (This is an automatically generated summary.)",2
"Vidéki hirek, és más elbeszélések","Móricz, Zsigmond","""Vidéki hirek, és más elbeszélések"" by Zsigmond Móricz is a collection of short stories written in the early 20th century. The book delves into the life and dynamics in a rural town, focusing on the societal nuances and individual struggles of its inhabitants. The narrative begins by introducing an unnamed journalist, who embodies the frustrations and aspirations of a creative spirit stifled by his environment.  The opening of the collection showcases the journalist sitting alone in a local pub, reflecting on his life and the missed opportunities in his career. A conversation with Dr. Koncz, a young lawyer, unveils their mutual dissatisfaction with the stagnant local culture and the aspirations of its people. As they discuss various topics, including a notable absence of humor in local publications, the journalist's bitterness and desire to connect with a broader, more dynamic literary world becomes palpable. The introduction of supporting characters, such as the local schoolteacher and the vibrant young men from the town, highlights the contrasts between aspirations and reality, laying the groundwork for the exploration of themes like ambition, societal expectations, and the complexities of small-town life throughout the narrative. (This is an automatically generated summary.)",2
Tinta,"Kosztolányi, Dezső","""Tinta"" by Dezső Kosztolányi is a novel written in the early 20th century. The narrative begins on the eve of war, juxtaposing the mundane life of citizens with the impending chaos of conflict. It focuses on the experiences of a young student caught in the realities of a world on the brink of transformation, exploring themes of innocence, societal change, and the shadow of war.  The opening of ""Tinta"" depicts the day when the news of war breaks, offering a vivid and sensory-rich account of the nation's atmosphere as people engage in their daily lives, oblivious to the gravity of the situation looming before them. Among them is a seventeen-year-old student who ventures into the hills, pondering philosophical questions and unexpectedly encountering soldiers, thus marking the intrusion of war into personal and collective consciousness. Kosztolányi artfully captures the initial stages of societal numbness, juxtaposing tranquility with the foreboding sense of an imminent and turbulent change, foreshadowing the emotional landscape that will unfold as the narrative progresses. (This is an automatically generated summary.)",2
Népdalok és mondák (3. kötet); Magyar népköltési gyüjtemény,"Erdélyi, János","""Népdalok és mondák (3. kötet); Magyar népköltési gyüjtemény"" by János Erdélyi is a collection of Hungarian folk songs and tales written in the mid-19th century. This volume is part of a larger compilation sponsored by the Kisfaludy Society, aimed at preserving and celebrating the rich tradition of Hungarian folk culture. The works included reflect various themes, primarily love, social customs, and the experiences of rural life, showcasing the spirit of the Hungarian people through their music and storytelling.  The opening of the volume features an introduction by the editor, János Erdélyi, who expresses gratitude towards contributors who have shared their folk songs and tales. He aims to emphasize the importance of folk literature in the broader scope of Hungarian heritage. Following the introductory remarks, the content immediately transitions into the collection of love songs, each imbued with emotional depth and cultural significance. The songs range from declarations of love and longing to reflections on heartache and separation, illustrating the timeless nature of these experiences in the human condition. The lyrical beauty and poignant themes invite readers to a heartfelt exploration of Hungarian culture and tradition. (This is an automatically generated summary.)",2
"Dramaturgiai dolgozatok (1. kötet, 1850-1863)","Gyulai, Pál","""Dramaturgiai dolgozatok (1. kötet, 1850-1863)"" by Pál Gyulai is a collection of dramatic works and critiques written in the mid-19th century. This foundational volume delves into Hungarian theater, exploring original plays and translations, and addresses the state of drama and literature during Gyulai's time. The writing reflects upon the cultural landscape, critiquing the quality of contemporary works and emphasizing the need for literary revival in Hungary.  The opening of this collection introduces the author’s observations about the dramatic art during the period between 1850 and 1863, highlighting the scarcity of literary growth in the Alföld region. Gyulai laments the lack of appreciation for literature in towns like Debreczen and Szeged, advocating for a renewal of local literary engagement through newspapers and original works. He introduces the first original play “Vetélytársak” by Horváth Cyrill, reflecting on the shortcomings of the drama while hoping for a resurgence of serious artistic quality. The section sets a critical tone, emphasizing the need for improvement in Hungarian theater and literature. (This is an automatically generated summary.)",2
